year,country,External debt stocks (% of GNI),Total debt service (% of GNI)
2006,Afghanistan,13.79285837,0.153432094
2007,Afghanistan,20.48067585,0.062308454
2008,Afghanistan,21.21213235,0.079456028
2009,Afghanistan,20.03672485,0.086756649
2010,Afghanistan,15.3334974,0.065666365
2011,Afghanistan,13.9770517,0.058076428
2012,Afghanistan,12.92816044,0.074398107
2013,Afghanistan,12.80483637,0.124142978
2014,Afghanistan,12.30498827,0.205272277
2015,Afghanistan,13.49083011,0.292136691
2016,Afghanistan,14.14704504,0.324902542
2017,Afghanistan,14.51334274,0.333475147
2018,Afghanistan,14.64242467,0.344998757
2019,Afghanistan,13.94965204,0.291266953
2005,Albania,25.8843273,1.277093785
2006,Albania,27.4843849,1.97836505
2007,Albania,27.0298318,1.600279248
2008,Albania,32.88101517,1.953437799
2009,Albania,38.85316675,2.060275329
2010,Albania,46.04233476,3.222639015
2011,Albania,50.28807282,3.742105584
2012,Albania,60.3895495,4.436913941
2013,Albania,66.53343032,4.23544832
2014,Albania,63.76645952,5.489186125
2015,Albania,73.31243547,10.24201561
2016,Albania,70.65028358,4.919757048
2017,Albania,75.096102,3.93157258
2018,Albania,62.82643555,7.063040408
2019,Albania,60.28702943,3.990778511
2005,Algeria,16.67189963,5.84322751
2006,Algeria,4.971524268,11.31351277
2007,Algeria,4.355125508,0.97214035
2008,Algeria,3.483452718,0.695380944
2009,Algeria,4.970617707,0.707534449
2010,Algeria,4.081511229,0.380518376
2011,Algeria,2.795025036,0.295325842
2012,Algeria,2.451810661,0.380267383
2013,Algeria,2.321637443,0.237672589
2014,Algeria,2.354839712,0.127744017
2015,Algeria,2.543648597,0.376339888
2016,Algeria,3.041857317,0.198588642
2017,Algeria,3.040682269,0.127681235
2018,Algeria,2.999358123,0.114063818
2019,Algeria,2.897610058,0.102721141
2005,Angola,37.15351354,7.937092534
2006,Angola,21.43832044,9.586004714
2007,Angola,20.70807101,7.795291507
2008,Angola,20.84441963,2.184859581
2009,Angola,31.94074681,6.350630955
2010,Angola,35.39116131,3.911643107
2011,Angola,33.96878333,3.841162248
2012,Angola,30.74467961,5.147451764
2013,Angola,35.31417081,4.742967461
2014,Angola,35.96019823,6.46647413
2015,Angola,56.78015518,9.984958464
2016,Angola,114.8450947,21.80576668
2017,Angola,84.94048327,13.17673097
2018,Angola,84.28436258,16.28420416
2019,Angola,96.59472679,16.64136901
2005,Argentina,74.24694157,5.733528829
2006,Argentina,52.8779757,8.436714463
2007,Argentina,43.15019175,3.146754021
2008,Argentina,36.79707555,2.720665908
2009,Argentina,41.42446814,4.583380577
2010,Argentina,30.94935673,3.821908724
2011,Argentina,27.74434636,3.065707053
2012,Argentina,26.23983927,2.548729999
2013,Argentina,27.80988351,2.919815618
2014,Argentina,30.33386789,3.302016813
2015,Argentina,32.208295,3.067548607
2016,Argentina,35.16132511,4.88376332
2017,Argentina,37.73652218,6.448520824
2018,Argentina,58.63071524,8.496810347
2019,Argentina,69.59029983,10.25069785
2005,Armenia,38.57503364,2.78605691
2006,Armenia,31.98818859,2.318675931
2007,Armenia,31.76033796,2.009980924
2008,Armenia,29.24306826,2.985719472
2009,Armenia,54.79197775,4.705793064
2010,Armenia,64.89815496,9.974845689
2011,Armenia,70.56429087,8.913406249
2012,Armenia,69.1932585,10.65149377
2013,Armenia,73.54356149,17.33272905
2014,Armenia,70.52297324,11.83997431
2015,Armenia,80.41546395,14.07469273
2016,Armenia,91.33022175,13.52914857
2017,Armenia,85.71426993,12.01354748
2018,Armenia,84.7329121,13.17078159
2019,Armenia,86.07489261,15.009519
2005,Azerbaijan,19.34486746,2.065469717
2006,Azerbaijan,15.27004491,1.526432288
2007,Azerbaijan,13.90680316,0.956933269
2008,Azerbaijan,10.31829127,0.756177275
2009,Azerbaijan,11.16385012,0.889217505
2010,Azerbaijan,14.64685412,0.835311317
2011,Azerbaijan,12.56837171,1.820502832
2012,Azerbaijan,16.51572236,1.968461434
2013,Azerbaijan,15.0367743,2.752525672
2014,Azerbaijan,16.58031422,2.563956197
2015,Azerbaijan,25.9596906,3.714183938
2016,Azerbaijan,41.04595365,4.959661204
2017,Azerbaijan,39.26479069,5.690669421
2018,Azerbaijan,36.97217003,6.014442957
2019,Azerbaijan,35.70725278,4.464573877
2005,Bangladesh,25.50208473,1.119294138
2006,Bangladesh,26.58155757,0.93998351
2007,Bangladesh,25.40563166,1.190097515
2008,Bangladesh,23.65675677,0.953213876
2009,Bangladesh,22.94559826,0.933227236
2010,Bangladesh,21.32337466,0.887768337
2011,Bangladesh,19.48700426,1.101205338
2012,Bangladesh,20.1641903,1.159113627
2013,Bangladesh,20.02592787,1.197705656
2014,Bangladesh,19.12699642,1.102398778
2015,Bangladesh,18.62470572,0.844871384
2016,Bangladesh,14.97179048,0.669192728
2017,Bangladesh,16.80574504,0.74963435
2018,Bangladesh,17.09248027,0.905165358
2019,Bangladesh,17.08565118,1.622972271
2005,Belarus,17.51223228,2.314547785
2006,Belarus,17.80898753,2.042341489
2007,Belarus,27.91971348,2.451416711
2008,Belarus,25.26980455,2.331199574
2009,Belarus,44.37081301,3.379323028
2010,Belarus,50.67329886,3.138883072
2011,Belarus,55.55438418,5.326062238
2012,Belarus,52.56631915,7.834271236
2013,Belarus,54.30296383,6.394458788
2014,Belarus,52.34070136,7.007259861
2015,Belarus,70.76682315,9.204631036
2016,Belarus,82.5010406,13.67282278
2017,Belarus,75.15549155,8.370363651
2018,Belarus,67.00098076,10.00192205
2019,Belarus,65.17476605,7.214932664
2005,Belize,75.20355758,16.84073279
2006,Belize,71.91865273,9.430864664
2007,Belize,69.46999058,41.98836055
2008,Belize,81.06782644,9.366512893
2009,Belize,80.80633456,7.854817297
2010,Belize,81.12719343,7.91072699
2011,Belize,73.6871934,7.590650147
2012,Belize,66.86409687,8.647178223
2013,Belize,65.25589749,7.076866276
2014,Belize,64.30337425,4.603541702
2015,Belize,61.01458107,4.667883018
2016,Belize,60.59469612,4.80775766
2017,Belize,62.53584819,4.878105422
2018,Belize,63.12093477,5.323616454
2019,Belize,61.91174354,4.683367242
2005,Benin,28.6476158,0.91624744
2006,Benin,17.91819424,0.885177588
2007,Benin,18.45028392,0.707595091
2008,Benin,17.41054614,0.521738027
2009,Benin,20.76388577,0.577156732
2010,Benin,24.08947705,0.51683415
2011,Benin,19.996755,3.072369125
2012,Benin,23.65822528,0.702907536
2013,Benin,24.96367467,0.786659729
2014,Benin,29.09637367,0.782574557
2015,Benin,31.40172542,1.860016892
2016,Benin,35.83786805,1.170486538
2017,Benin,38.05163204,0.981362995
2018,Benin,48.57562107,2.189176267
2019,Benin,48.52087502,1.790139428
2005,Bhutan,77.35435971,0.83648402
2006,Bhutan,76.76958876,1.135273509
2007,Bhutan,64.6856312,2.59429335
2008,Bhutan,53.99882114,6.355470165
2009,Bhutan,61.41219357,5.896162741
2010,Bhutan,57.66088581,5.397677432
2011,Bhutan,57.43529508,4.583090299
2012,Bhutan,79.16083142,7.622742477
2013,Bhutan,89.44591155,4.451050174
2014,Bhutan,99.33811925,4.575128737
2015,Bhutan,103.2304411,6.623138906
2016,Bhutan,110.0207325,5.390737302
2017,Bhutan,113.8495473,3.741325106
2018,Bhutan,112.2222583,3.967212414
2019,Bhutan,111.877606,2.715850982
2005,Bolivia,75.96006034,5.806937451
2006,Bolivia,56.58972101,4.021392617
2007,Bolivia,40.09907335,5.882308508
2008,Bolivia,35.32702532,5.891482561
2009,Bolivia,34.68295928,3.508743038
2010,Bolivia,30.79031349,3.495256326
2011,Bolivia,26.90469,1.943844797
2012,Bolivia,25.9950614,2.556124451
2013,Bolivia,28.31771411,1.912852892
2014,Bolivia,28.38503956,3.143579215
2015,Bolivia,31.04562758,3.117666035
2016,Bolivia,32.99572929,2.327809401
2017,Bolivia,35.68795642,2.690588916
2018,Bolivia,33.70060082,2.562047586
2019,Bolivia,35.69983653,2.694613886
2005,Bosnia and Herzegovina,60.50466733,2.655154439
2006,Bosnia and Herzegovina,65.5535008,2.947800668
2007,Bosnia and Herzegovina,71.69470767,2.646798139
2008,Bosnia and Herzegovina,66.51414381,2.418371043
2009,Bosnia and Herzegovina,76.97437101,2.562199505
2010,Bosnia and Herzegovina,82.24530821,3.278723828
2011,Bosnia and Herzegovina,66.01975823,7.852324899
2012,Bosnia and Herzegovina,75.21729041,6.694231706
2013,Bosnia and Herzegovina,75.12539989,7.548387208
2014,Bosnia and Herzegovina,70.17773315,8.033089145
2015,Bosnia and Herzegovina,70.57625409,11.72732526
2016,Bosnia and Herzegovina,68.05574643,7.206398047
2017,Bosnia and Herzegovina,71.87227678,7.466091149
2018,Bosnia and Herzegovina,63.73944813,6.309606655
2019,Bosnia and Herzegovina,62.5460103,5.00852568
2005,Botswana,5.06958019,0.589398385
2006,Botswana,3.895005609,0.601650533
2007,Botswana,4.168161332,0.462922683
2008,Botswana,4.398732006,0.683370244
2009,Botswana,16.38539624,0.465665954
2010,Botswana,14.87527448,0.654872606
2011,Botswana,15.95085872,0.528797186
2012,Botswana,17.77283914,0.41828234
2013,Botswana,17.4581483,1.4187747
2014,Botswana,16.60428411,0.436477211
2015,Botswana,16.99951868,1.890497373
2016,Botswana,15.37994023,1.212418689
2017,Botswana,11.75243426,1.188170858
2018,Botswana,11.48362038,1.187999973
2019,Botswana,9.323394485,1.172547023
2005,Brazil,21.75462757,7.265130008
2006,Brazil,17.99252754,5.764018952
2007,Brazil,17.43730593,4.022777852
2008,Brazil,15.89564621,3.41801392
2009,Brazil,17.27804482,2.731512864
2010,Brazil,16.46096339,2.143386568
2011,Brazil,15.85160333,2.31745073
2012,Brazil,18.32562472,1.894568547
2013,Brazil,19.83772447,3.363369174
2014,Brazil,23.10604297,2.582699515
2015,Brazil,30.72992828,5.080891166
2016,Brazil,30.90908735,6.684998176
2017,Brazil,26.81566646,4.712934363
2018,Brazil,29.92896042,5.125843579
2019,Brazil,31.19641446,8.328684306
2005,Burkina Faso,33.06867767,0.762300789
2006,Burkina Faso,17.52111077,0.696510828
2007,Burkina Faso,25.90431693,1.524067674
2008,Burkina Faso,28.41177185,2.162006111
2009,Burkina Faso,39.88995225,3.336924976
2010,Burkina Faso,49.02102699,4.514827211
2011,Burkina Faso,51.56494338,5.296308883
2012,Burkina Faso,60.76226011,6.537626073
2013,Burkina Faso,68.39098397,7.852497558
2014,Burkina Faso,77.24497302,9.401903877
2015,Burkina Faso,111.5882579,14.24271574
2016,Burkina Faso,83.60879326,10.07864274
2017,Burkina Faso,94.06235826,11.6591183
2018,Burkina Faso,69.0408879,19.49571723
2019,Burkina Faso,59.76215861,15.10724708
2005,Burundi,117.1529316,3.639533711
2006,Burundi,108.4893259,1.579396051
2007,Burundi,104.400317,1.347776776
2008,Burundi,86.48594456,1.221157777
2009,Burundi,34.41181349,1.125925498
2010,Burundi,30.71742055,0.21643885
2011,Burundi,27.27531854,0.42998287
2012,Burundi,28.53344327,0.890744508
2013,Burundi,27.72569264,1.314179779
2014,Burundi,25.61325404,0.978244175
2015,Burundi,20.19551951,0.867539085
2016,Burundi,22.8401921,1.263797086
2017,Burundi,22.32692564,1.002581459
2018,Burundi,22.21478159,1.077606678
2019,Burundi,24.33103992,1.45258451
2005,Cabo Verde,50.87300333,3.805751899
2006,Cabo Verde,49.32824684,2.972076277
2007,Cabo Verde,35.8772938,1.822336738
2008,Cabo Verde,32.73839043,1.639480329
2009,Cabo Verde,40.04723408,1.819408571
2010,Cabo Verde,50.51911174,1.999138226
2011,Cabo Verde,52.77049433,1.915035862
2012,Cabo Verde,87.44619437,2.789835998
2013,Cabo Verde,100.2111071,2.510259677
2014,Cabo Verde,95.05172802,2.622494357
2015,Cabo Verde,108.8987408,2.979655108
2016,Cabo Verde,102.62692,2.760159105
2017,Cabo Verde,109.2652879,2.94628276
2018,Cabo Verde,96.87871436,3.168585754
2019,Cabo Verde,97.18252966,3.176061498
2005,Cambodia,43.28996829,0.438162565
2006,Cambodia,37.7661176,0.364026158
2007,Cambodia,22.9377892,0.279255263
2008,Cambodia,22.5419435,0.355369837
2009,Cambodia,27.41112584,0.410464693
2010,Cambodia,29.90792986,0.487335311
2011,Cambodia,30.03468211,2.073869147
2012,Cambodia,39.36015625,3.192016923
2013,Cambodia,40.14210513,3.25396451
2014,Cambodia,39.41284306,3.129379336
2015,Cambodia,40.72301425,2.981535578
2016,Cambodia,39.45395846,2.963567344
2017,Cambodia,40.52473724,3.599601268
2018,Cambodia,42.57902232,4.018993981
2019,Cambodia,43.84206047,4.288871639
2005,Cameroon,40.48220448,4.305135754
2006,Cameroon,16.54817864,3.626586177
2007,Cameroon,13.17078957,2.075042256
2008,Cameroon,10.38630933,1.603972017
2009,Cameroon,11.63715965,1.446118947
2010,Cameroon,11.70997742,0.745629948
2011,Cameroon,10.2035512,1.094069253
2012,Cameroon,13.08605433,0.80100085
2013,Cameroon,15.63718498,0.824406029
2014,Cameroon,16.14861347,1.486367889
2015,Cameroon,22.99067747,1.60185256
2016,Cameroon,23.72537065,2.5976758
2017,Cameroon,28.36026617,2.031593195
2018,Cameroon,28.06212387,2.693936003
2019,Cameroon,33.2997558,2.921365666
2005,Central African Republic,78.69274298,0.518084417
2006,Central African Republic,72.33300298,4.918997367
2007,Central African Republic,60.97072809,5.31911869
2008,Central African Republic,50.68474289,1.368067871
2009,Central African Republic,26.70925312,1.522201905
2010,Central African Republic,29.47238912,0.156044117
2011,Central African Republic,23.3354147,0.061478311
2012,Central African Republic,22.89272905,0.183982167
2013,Central African Republic,35.03133969,0.376118954
2014,Central African Republic,34.57088758,0.629438951
2015,Central African Republic,40.24036431,1.023291639
2016,Central African Republic,37.60729604,1.366657906
2017,Central African Republic,33.15603257,1.623762746
2018,Central African Republic,32.91515833,1.089104505
2019,Central African Republic,35.60329191,1.272749451
2005,Chad,28.97463638,0.970669758
2006,Chad,28.26704696,0.919406938
2007,Chad,24.81397126,0.92086051
2008,Chad,20.65864461,1.573530529
2009,Chad,21.05156533,0.872586049
2010,Chad,20.92196131,0.709269682
2011,Chad,19.66384145,0.698391475
2012,Chad,19.44508481,0.693006429
2013,Chad,23.54394559,0.968034381
2014,Chad,27.92568492,4.418938569
2015,Chad,26.35637069,1.061537676
2016,Chad,28.83355464,1.628827084
2017,Chad,31.75685884,1.683702176
2018,Chad,28.72115348,1.592568677
2019,Chad,28.8682539,1.195223665
2005,China,12.59363936,1.21172086
2006,China,11.88286613,1.00291082
2007,China,10.61579653,0.896095119
2008,China,8.358885414,0.721290269
2009,China,8.923648519,0.783489954
2010,China,12.25412975,0.859610919
2011,China,14.09150921,0.839428131
2012,China,13.48819016,0.848723028
2013,China,15.59604213,0.813211774
2014,China,16.95484192,0.777973467
2015,China,12.11549065,1.150766579
2016,China,12.64942916,1.500771971
2017,China,13.91548552,1.67799263
2018,China,14.17941079,1.741656326
2019,China,14.84668577,1.936722272
2005,Colombia,26.42884546,7.235126151
2006,Colombia,24.52256156,6.329199504
2007,Colombia,22.17557051,4.301123391
2008,Colombia,20.09143831,3.403787371
2009,Colombia,23.79760512,3.914080766
2010,Colombia,23.299456,3.536503807
2011,Colombia,23.74433184,3.196508889
2012,Colombia,22.22789243,4.314084961
2013,Colombia,25.11353482,2.731374601
2014,Colombia,28.23971591,4.080057803
2015,Colombia,39.13514143,4.915014987
2016,Colombia,43.21573634,5.661530611
2017,Colombia,41.150997,7.324513247
2018,Colombia,40.90677461,7.494011095
2019,Colombia,43.98505617,6.080691399
2005,Comoros,44.2556368,0.61826096
2006,Comoros,42.09853856,0.538948174
2007,Comoros,36.08356541,3.283069223
2008,Comoros,30.22318612,1.353302383
2009,Comoros,31.71861129,1.312488312
2010,Comoros,30.6874148,0.473886508
2011,Comoros,26.97110482,0.385508209
2012,Comoros,24.88000441,1.217080134
2013,Comoros,12.77015492,0.052795898
2014,Comoros,11.85288496,0.067789939
2015,Comoros,12.93484438,0.764493461
2016,Comoros,17.18522726,0.625698238
2017,Comoros,16.7806633,0.36993799
2018,Comoros,22.36300098,0.633978561
2019,Comoros,22.54843692,0.762090693
2005,"Congo, Dem. Rep.",93.25276711,1.899682699
2006,"Congo, Dem. Rep.",81.00506058,2.071549003
2007,"Congo, Dem. Rep.",77.37414583,3.110133713
2008,"Congo, Dem. Rep.",71.49176605,3.207983379
2009,"Congo, Dem. Rep.",78.89702847,3.496242042
2010,"Congo, Dem. Rep.",29.66555176,1.329001001
2011,"Congo, Dem. Rep.",22.67209135,1.041939934
2012,"Congo, Dem. Rep.",20.9545233,0.822371419
2013,"Congo, Dem. Rep.",21.50494725,1.16341137
2014,"Congo, Dem. Rep.",18.71256401,1.093098448
2015,"Congo, Dem. Rep.",17.07161852,0.982938875
2016,"Congo, Dem. Rep.",15.65740307,1.189900038
2017,"Congo, Dem. Rep.",15.75726316,0.933205293
2018,"Congo, Dem. Rep.",12.72448865,0.709753968
2019,"Congo, Dem. Rep.",13.28219088,2.153136174
2005,"Congo, Rep.",124.8013991,2.227849167
2006,"Congo, Rep.",97.76895571,1.283351856
2007,"Congo, Rep.",71.65875648,1.471862092
2008,"Congo, Rep.",51.27248666,1.639701684
2009,"Congo, Rep.",56.40022258,1.96212469
2010,"Congo, Rep.",22.88009911,0.986464099
2011,"Congo, Rep.",22.65368281,0.93233838
2012,"Congo, Rep.",21.42247026,1.021174072
2013,"Congo, Rep.",23.94151043,2.4921772
2014,"Congo, Rep.",31.48183859,2.681405699
2015,"Congo, Rep.",54.78793296,3.36287339
2016,"Congo, Rep.",63.24524938,3.426201213
2017,"Congo, Rep.",71.30777175,4.036001832
2018,"Congo, Rep.",50.48951602,3.414587951
2019,"Congo, Rep.",66.81256675,4.021161242
2005,Costa Rica,33.6252036,4.341925776
2006,Costa Rica,31.71275177,3.557238113
2007,Costa Rica,32.11661437,3.438652625
2008,Costa Rica,29.2602155,5.203659729
2009,Costa Rica,26.10068431,4.217022532
2010,Costa Rica,22.37149815,2.736414988
2011,Costa Rica,24.8568361,3.930290345
2012,Costa Rica,31.27876029,5.000286495
2013,Costa Rica,34.90166475,6.696488263
2014,Costa Rica,39.54746519,6.946990743
2015,Costa Rica,43.66117081,5.121922687
2016,Costa Rica,45.35187132,5.019918852
2017,Costa Rica,44.6656558,5.158851861
2018,Costa Rica,48.04898043,5.785059242
2019,Costa Rica,49.19765597,5.191821434
2005,Cote d'Ivoire,73.06040165,1.868131506
2006,Cote d'Ivoire,79.75934509,1.578660032
2007,Cote d'Ivoire,73.54087135,2.204686557
2008,Cote d'Ivoire,55.36615647,4.474580343
2009,Cote d'Ivoire,63.55768667,4.834653629
2010,Cote d'Ivoire,48.77324053,3.131442359
2011,Cote d'Ivoire,52.36803352,2.992766246
2012,Cote d'Ivoire,36.80846893,2.78221682
2013,Cote d'Ivoire,33.00304501,3.515470674
2014,Cote d'Ivoire,20.45703628,2.1057667
2015,Cote d'Ivoire,25.41464553,1.806114886
2016,Cote d'Ivoire,24.20624615,3.310615004
2017,Cote d'Ivoire,26.38471336,4.411155825
2018,Cote d'Ivoire,28.47004462,2.908111495
2019,Cote d'Ivoire,33.78420732,5.115064105
2005,Djibouti,66.75013304,2.439750691
2006,Djibouti,71.55316172,3.310795788
2007,Djibouti,92.9119464,3.501276996
2008,Djibouti,81.91700316,3.295780075
2009,Djibouti,83.92657853,3.164719224
2010,Djibouti,67.06465684,3.119075882
2011,Djibouti,61.66579052,3.175800145
2012,Djibouti,56.59210979,2.972965744
2013,Djibouti,40.00037745,2.015919642
2014,Djibouti,41.66956061,1.691254445
2015,Djibouti,49.09283176,1.768670289
2016,Djibouti,64.4572792,2.230803227
2017,Djibouti,82.3298174,2.611951587
2018,Djibouti,80.24586559,2.533999995
2019,Djibouti,85.23220536,2.66320562
2005,Dominica,87.75360273,5.209911795
2006,Dominica,72.7058279,5.386657633
2007,Dominica,66.09094786,5.169623733
2008,Dominica,59.21771489,4.605744653
2009,Dominica,57.18825572,4.607368381
2010,Dominica,56.02945373,3.422573689
2011,Dominica,57.17867559,3.618397551
2012,Dominica,63.9661733,4.369756198
2013,Dominica,102.1219728,4.64465154
2014,Dominica,95.58228822,4.432827231
2015,Dominica,95.63544739,6.2782112
2016,Dominica,96.45323611,5.674046437
2017,Dominica,99.29540995,6.369345546
2018,Dominica,90.87522537,6.493153348
2019,Dominica,76.44174725,6.073221117
2005,Dominican Republic,22.88450112,2.162050176
2006,Dominican Republic,25.59109652,3.914721896
2007,Dominican Republic,25.72349136,3.735519567
2008,Dominican Republic,22.8776042,3.24945045
2009,Dominican Republic,25.47034025,3.021424882
2010,Dominican Republic,25.99237946,2.741560115
2011,Dominican Republic,27.06814088,2.873088181
2012,Dominican Republic,37.92177581,4.452912791
2013,Dominican Republic,40.1237356,4.756760516
2014,Dominican Republic,41.08925915,5.043856331
2015,Dominican Republic,39.17347531,7.672361933
2016,Dominican Republic,39.04875238,4.782460744
2017,Dominican Republic,38.6537685,3.976790411
2018,Dominican Republic,38.92334025,3.600022433
2019,Dominican Republic,41.35100628,4.344128688
2005,East Asia & Pacific (excluding high income),19.83170974,2.624158965
2006,East Asia & Pacific (excluding high income),17.43140163,2.401919012
2007,East Asia & Pacific (excluding high income),15.25740297,1.96393057
2008,East Asia & Pacific (excluding high income),12.45478095,1.48583759
2009,East Asia & Pacific (excluding high income),13.24545135,1.424862294
2010,East Asia & Pacific (excluding high income),15.70656436,1.445498977
2011,East Asia & Pacific (excluding high income),16.83578391,1.303721673
2012,East Asia & Pacific (excluding high income),16.76413778,1.337009386
2013,East Asia & Pacific (excluding high income),18.38101579,1.314324327
2014,East Asia & Pacific (excluding high income),19.65111006,1.509049397
2015,East Asia & Pacific (excluding high income),15.48240575,1.770803332
2016,East Asia & Pacific (excluding high income),15.98073684,2.064820706
2017,East Asia & Pacific (excluding high income),17.17149013,2.178448538
2018,East Asia & Pacific (excluding high income),17.30726743,2.21453097
2019,East Asia & Pacific (excluding high income),17.86123006,2.596430605
2005,Ecuador,53.09448766,11.27419451
2006,Ecuador,46.47457302,10.15293927
2007,Ecuador,44.08568781,8.190303773
2008,Ecuador,31.86664697,4.224605682
2009,Ecuador,22.73484816,13.42222968
2010,Ecuador,22.92674165,2.601576305
2011,Ecuador,20.81282674,3.093188162
2012,Ecuador,18.80549809,3.05340409
2013,Ecuador,20.05222067,3.302088284
2014,Ecuador,24.69056472,3.974370586
2015,Ecuador,29.74487129,5.339328887
2016,Ecuador,36.94809738,5.617832442
2017,Ecuador,40.32432957,6.481713021
2018,Ecuador,42.99088582,8.742009038
2019,Ecuador,49.65639765,8.980691312
2005,"Egypt, Arab Rep.",34.22134223,2.559470987
2006,"Egypt, Arab Rep.",28.74149251,2.303949626
2007,"Egypt, Arab Rep.",26.29228679,2.198426072
2008,"Egypt, Arab Rep.",20.66376897,2.005558615
2009,"Egypt, Arab Rep.",18.70944776,1.56829125
2010,"Egypt, Arab Rep.",17.14849935,1.428047389
2011,"Egypt, Arab Rep.",15.3121407,1.628857526
2012,"Egypt, Arab Rep.",14.694159,1.189421043
2013,"Egypt, Arab Rep.",16.55886082,1.222688792
2014,"Egypt, Arab Rep.",14.00207678,2.012164079
2015,"Egypt, Arab Rep.",15.40909108,1.168642646
2016,"Egypt, Arab Rep.",21.09598844,2.023150588
2017,"Egypt, Arab Rep.",34.69610186,2.750697363
2018,"Egypt, Arab Rep.",38.80361238,3.345179626
2019,"Egypt, Arab Rep.",37.34863771,2.94081739
2005,El Salvador,67.72084678,6.173593984
2006,El Salvador,64.28689715,8.139311627
2007,El Salvador,59.58683679,6.752249389
2008,El Salvador,60.73720659,5.734712302
2009,El Salvador,61.04653793,6.917766359
2010,El Salvador,64.18702758,6.215749911
2011,El Salvador,64.72826776,6.695038165
2012,El Salvador,66.03858856,5.778258452
2013,El Salvador,67.29250429,5.484144964
2014,El Salvador,70.38618913,6.016231632
2015,El Salvador,69.82852404,5.852182765
2016,El Salvador,72.27210228,6.124947783
2017,El Salvador,72.87467841,16.16647641
2018,El Salvador,67.96777975,14.44647331
2019,El Salvador,68.0055117,22.01953861
2005,Eritrea,69.53233743,2.02547019
2006,Eritrea,68.42104419,1.167680632
2007,Eritrea,68.41327176,0.558326401
2008,Eritrea,72.91427609,1.176152049
2009,Eritrea,57.08420408,1.181058221
2010,Eritrea,66.07621576,1.709112096
2011,Eritrea,51.48349998,1.073917254
2005,Eswatini,15.50155672,1.162424263
2006,Eswatini,14.3700028,1.28479443
2007,Eswatini,14.17051095,1.519049631
2008,Eswatini,14.59717312,1.847697942
2009,Eswatini,15.02028093,1.5882565
2010,Eswatini,24.12031057,1.286915541
2011,Eswatini,22.93457005,1.11593925
2012,Eswatini,18.88269931,1.310385535
2013,Eswatini,17.85578394,2.697151829
2014,Eswatini,13.21204235,5.574464303
2015,Eswatini,12.09070688,2.587334054
2016,Eswatini,21.85367603,1.160253031
2017,Eswatini,21.06453953,3.152601393
2018,Eswatini,17.65555662,1.287225451
2019,Eswatini,20.27072337,1.32340162
2005,Ethiopia,49.9444272,0.714204528
2006,Ethiopia,14.57107928,0.876785032
2007,Ethiopia,13.14585044,0.637349217
2008,Ethiopia,10.51298427,0.382003286
2009,Ethiopia,16.54976775,0.295734862
2010,Ethiopia,24.4334323,0.601299424
2011,Ethiopia,26.99699067,1.07877549
2012,Ethiopia,24.21666576,0.992326884
2013,Ethiopia,26.47258573,1.375628468
2014,Ethiopia,30.55573523,1.368971943
2015,Ethiopia,31.78125823,1.713626328
2016,Ethiopia,31.59410986,1.672965064
2017,Ethiopia,32.19598983,1.823550373
2018,Ethiopia,35.57260111,1.970247367
2019,Ethiopia,31.86778654,2.323690359
2005,Europe & Central Asia (excluding high income),39.58347722,8.419926424
2006,Europe & Central Asia (excluding high income),45.06770852,7.956534795
2007,Europe & Central Asia (excluding high income),46.42369372,8.557812802
2008,Europe & Central Asia (excluding high income),44.34680098,8.756371022
2009,Europe & Central Asia (excluding high income),54.79388233,10.88031846
2010,Europe & Central Asia (excluding high income),51.88344423,10.33592715
2011,Europe & Central Asia (excluding high income),48.30311357,8.928843575
2012,Europe & Central Asia (excluding high income),48.92446035,8.099987864
2013,Europe & Central Asia (excluding high income),50.07689106,8.995672994
2014,Europe & Central Asia (excluding high income),52.04570079,8.134109865
2015,Europe & Central Asia (excluding high income),57.30283473,9.699050357
2016,Europe & Central Asia (excluding high income),60.81823677,9.478481702
2017,Europe & Central Asia (excluding high income),63.70158313,10.42403606
2018,Europe & Central Asia (excluding high income),63.65533712,11.16230697
2019,Europe & Central Asia (excluding high income),62.61611246,11.02767101
2005,Fiji,10.00964134,0.499597728
2006,Fiji,12.62853165,0.493319103
2007,Fiji,12.04850775,0.877620319
2008,Fiji,20.05523245,1.736599968
2009,Fiji,37.35094167,2.749777997
2010,Fiji,36.39861608,1.953170382
2011,Fiji,30.99041436,6.966430342
2012,Fiji,33.55639246,2.942807303
2013,Fiji,32.30538315,2.867868204
2014,Fiji,30.94698123,3.297480187
2015,Fiji,33.93421217,7.837224547
2016,Fiji,30.07662853,2.846537445
2017,Fiji,33.7215158,3.623569644
2018,Fiji,31.18610818,2.288539312
2019,Fiji,36.68010017,4.4688621
2005,Gabon,46.17386195,2.293863362
2006,Gabon,48.70905511,1.984645617
2007,Gabon,48.29692738,8.21111296
2008,Gabon,18.55073637,19.77300796
2009,Gabon,25.25486383,3.950030646
2010,Gabon,23.34793602,3.627783075
2011,Gabon,20.25914263,2.667439277
2012,Gabon,20.9682001,2.749178881
2013,Gabon,30.349633,7.302635503
2014,Gabon,26.92716912,3.024396029
2015,Gabon,38.90881779,3.577456089
2016,Gabon,41.6453798,2.877625466
2017,Gabon,47.03831342,4.469506598
2018,Gabon,43.77072632,4.592466283
2019,Gabon,47.00711974,4.513815676
2005,"Gambia, The",65.8366506,2.845912826
2006,"Gambia, The",68.93107838,2.93573557
2007,"Gambia, The",55.09607679,2.70891276
2008,"Gambia, The",25.46864887,1.108162685
2009,"Gambia, The",37.34302575,1.374211269
2010,"Gambia, The",35.93324578,1.660159587
2011,"Gambia, The",37.44352075,1.996341334
2012,"Gambia, The",40.81386331,1.949859683
2013,"Gambia, The",43.30662654,2.284714671
2014,"Gambia, The",46.51587876,4.047179501
2015,"Gambia, The",43.56509844,3.031693101
2016,"Gambia, The",42.771542,3.003085248
2017,"Gambia, The",51.10457825,2.927262273
2018,"Gambia, The",47.39532473,3.005164935
2019,"Gambia, The",47.75688149,2.655475596
2005,Georgia,33.31744672,3.009223655
2006,Georgia,32.54834199,3.837391231
2007,Georgia,29.25820351,2.128847476
2008,Georgia,60.62821241,5.574087647
2009,Georgia,80.87791329,7.177551116
2010,Georgia,71.99414078,6.580361386
2011,Georgia,71.88097265,9.884768658
2012,Georgia,75.49722791,9.20550286
2013,Georgia,79.08471847,9.821504416
2014,Georgia,79.81504674,10.89243943
2015,Georgia,99.96146663,14.50355701
2016,Georgia,110.6823705,17.67661239
2017,Georgia,104.731417,16.46646431
2018,Georgia,100.5679765,14.13303764
2019,Georgia,111.3739193,14.61732449
2005,Ghana,76.24298779,3.317351003
2006,Ghana,29.83210935,1.601220771
2007,Ghana,33.66697977,1.20058218
2008,Ghana,35.21671359,1.095887572
2009,Ghana,49.9435765,1.37119873
2010,Ghana,56.79934064,1.477310272
2011,Ghana,55.93236526,1.362610887
2012,Ghana,59.09696326,2.447135876
2013,Ghana,46.67856593,1.412147523
2014,Ghana,54.92476752,4.951622161
2015,Ghana,65.33021123,2.5968447
2016,Ghana,64.60323796,8.546003778
2017,Ghana,58.91373538,10.96196702
2018,Ghana,55.41173511,6.202380919
2019,Ghana,49.74212509,14.70714786
2005,Grenada,54.28447252,1.591741763
2006,Grenada,67.56707417,2.246015974
2007,Grenada,67.9595314,2.691381364
2008,Grenada,68.79854294,2.727474824
2009,Grenada,78.59169345,3.230603508
2010,Grenada,76.6738679,3.561166758
2011,Grenada,71.27079521,3.372682549
2012,Grenada,76.96579001,1.966256757
2013,Grenada,71.83345046,2.76018669
2014,Grenada,76.93954548,2.534849202
2015,Grenada,68.26664119,3.061859925
2016,Grenada,64.45959206,5.405026334
2017,Grenada,55.86512521,5.940800221
2018,Grenada,54.88322433,5.3502907
2019,Grenada,49.98896285,5.009885762
2005,Guatemala,36.14831736,3.970425339
2006,Guatemala,37.6624982,4.379102521
2007,Guatemala,38.74141724,4.635839721
2008,Guatemala,36.50166592,4.260506651
2009,Guatemala,40.72996552,4.849832052
2010,Guatemala,37.94647159,4.045918745
2011,Guatemala,35.72608865,4.523979948
2012,Guatemala,31.63976458,3.281614886
2013,Guatemala,33.7787365,5.652388788
2014,Guatemala,34.63533831,3.497492558
2015,Guatemala,33.5722085,3.479140742
2016,Guatemala,32.69449141,4.761364099
2017,Guatemala,33.16324116,5.946388412
2018,Guatemala,33.7967825,1.637085228
2019,Guatemala,32.46271288,2.692892869
2005,Guinea,76.94058013,4.19041187
2006,Guinea,75.53145363,3.996037975
2007,Guinea,53.11761674,2.603860421
2008,Guinea,46.50445325,1.874195827
2009,Guinea,49.25757351,1.825079824
2010,Guinea,47.79949029,1.183799733
2011,Guinea,48.18258202,2.676424115
2012,Guinea,17.80911593,1.691620442
2013,Guinea,21.05665258,0.492275543
2014,Guinea,21.49386175,0.607201138
2015,Guinea,23.56410487,0.89281684
2016,Guinea,26.10466888,0.680874842
2017,Guinea,23.26151211,0.792923489
2018,Guinea,22.18951609,0.975728973
2019,Guinea,26.55806942,0.83028882
2005,Guinea-Bissau,162.9965767,1.009671355
2006,Guinea-Bissau,168.247403,1.57038147
2007,Guinea-Bissau,147.7365113,1.420216213
2008,Guinea-Bissau,117.9546933,1.597598512
2009,Guinea-Bissau,128.9014902,2.40973567
2010,Guinea-Bissau,116.977829,2.21294579
2011,Guinea-Bissau,24.42176884,0.639903005
2012,Guinea-Bissau,27.1484317,0.611564407
2013,Guinea-Bissau,26.2811066,0.230039995
2014,Guinea-Bissau,27.95546631,0.358976123
2015,Guinea-Bissau,33.47513643,0.436155023
2016,Guinea-Bissau,31.92408864,0.616082294
2017,Guinea-Bissau,31.88884166,1.146396884
2018,Guinea-Bissau,37.05750873,1.371160995
2019,Guinea-Bissau,40.68669825,1.467989695
2005,Guyana,154.0018377,4.338169232
2006,Guyana,50.33565336,1.393308284
2007,Guyana,31.20305221,1.035023263
2008,Guyana,32.90246041,0.891864924
2009,Guyana,45.34853942,0.644182293
2010,Guyana,40.87416086,0.92814664
2011,Guyana,54.49875279,1.386982041
2012,Guyana,48.30385038,3.693043561
2013,Guyana,54.85830374,1.386829007
2014,Guyana,56.3732688,1.463859614
2015,Guyana,38.02768692,1.682867541
2016,Guyana,37.05149273,1.846694685
2017,Guyana,33.91040288,2.083680786
2018,Guyana,34.27411407,2.972799313
2019,Guyana,30.06425925,2.71785149
2005,Haiti,19.06947169,0.808729697
2006,Haiti,18.53376209,0.749232128
2007,Haiti,17.35042774,0.868645911
2008,Haiti,18.81962798,0.555897065
2009,Haiti,12.4758463,0.387630634
2010,Haiti,8.071869201,1.104806889
2011,Haiti,5.946751894,0.040015646
2012,Haiti,8.45310407,0.038870397
2013,Haiti,10.50885312,0.087071503
2014,Haiti,12.84504549,0.172495163
2015,Haiti,14.07724277,0.237109482
2016,Haiti,15.35589502,0.640952407
2017,Haiti,14.32044953,0.131774194
2018,Haiti,13.4907215,0.113287608
2019,Haiti,14.69692505,0.143117733
2005,Honduras,55.59372855,4.131758418
2006,Honduras,38.39845351,3.135939499
2007,Honduras,25.17027727,2.793546459
2008,Honduras,26.10231101,2.747861154
2009,Honduras,26.82734908,3.012027318
2010,Honduras,26.52471221,3.409990885
2011,Honduras,26.35545677,6.014959513
2012,Honduras,29.49063619,5.372397991
2013,Honduras,39.95914113,5.373907529
2014,Honduras,40.59147781,3.872529445
2015,Honduras,39.05152854,6.566819479
2016,Honduras,37.7338917,4.59854847
2017,Honduras,40.28447475,4.395081033
2018,Honduras,41.38780843,4.614637015
2019,Honduras,42.61004087,3.8919638
2005,IDA only,47.83412895,1.62787928
2006,IDA only,36.45591445,1.5050109
2007,IDA only,33.80160173,1.675162379
2008,IDA only,30.11475602,1.572150949
2009,IDA only,33.03902623,1.552799802
2010,IDA only,30.44665234,1.375943536
2011,IDA only,29.57831885,1.471904163
2012,IDA only,32.88514755,1.78153491
2013,IDA only,34.88854377,1.982438912
2014,IDA only,34.98005375,2.405052653
2015,IDA only,37.55587751,2.053939334
2016,IDA only,37.57215725,2.386482517
2017,IDA only,39.20397009,2.654168462
2018,IDA only,39.4570267,2.889583123
2019,IDA only,40.10835354,3.599011739
2005,India,14.88001405,2.93712139
2006,India,17.09967912,1.865263964
2007,India,16.84141025,3.252067036
2008,India,19.05720589,2.599097662
2009,India,19.21556112,1.238894596
2010,India,17.52032724,1.472714851
2011,India,18.50556099,1.620389196
2012,India,21.73518787,1.686745065
2013,India,23.30087578,2.112993156
2014,India,22.70491984,4.606241703
2015,India,23.02976895,2.388564585
2016,India,20.08122354,3.393470442
2017,India,19.50493737,1.953062638
2018,India,19.49053107,2.380226463
2019,India,19.97663664,1.825174935
2005,Indonesia,52.26243661,7.458005476
2006,Indonesia,38.9556674,8.11397311
2007,Indonesia,35.66905965,5.781618362
2008,Indonesia,32.09050868,4.404474855
2009,Indonesia,34.45488448,4.781597659
2010,Indonesia,26.97707564,4.29517827
2011,Indonesia,25.29595575,3.578899682
2012,Indonesia,28.32219128,4.175107899
2013,Indonesia,29.78187008,4.682838849
2014,Indonesia,33.98183415,6.983011607
2015,Indonesia,36.98786525,7.241901855
2016,Indonesia,35.36990487,7.139964866
2017,Indonesia,35.96453709,5.979948512
2018,Indonesia,37.56396891,5.499228809
2019,Indonesia,37.08299782,7.549799261
2005,"Iran, Islamic Rep.",9.52672455,1.25528008
2006,"Iran, Islamic Rep.",7.712900417,1.070421796
2007,"Iran, Islamic Rep.",5.940875087,0.823289236
2008,"Iran, Islamic Rep.",3.933825314,0.70190874
2009,"Iran, Islamic Rep.",4.495845312,0.580599451
2010,"Iran, Islamic Rep.",4.05805118,0.371043749
2011,"Iran, Islamic Rep.",2.741690602,0.262700183
2012,"Iran, Islamic Rep.",1.154216038,0.092466436
2013,"Iran, Islamic Rep.",1.392605343,0.087100433
2014,"Iran, Islamic Rep.",1.252067466,0.110038063
2015,"Iran, Islamic Rep.",1.576535083,0.178135396
2016,"Iran, Islamic Rep.",1.318271512,0.453879531
2017,"Iran, Islamic Rep.",1.392311791,0.100137993
2018,"Iran, Islamic Rep.",1.439970478,0.048338385
2019,"Iran, Islamic Rep.",1.455536628,0.100126884
2015,Iraq,11.57923643,1.144039556
2016,Iraq,14.13826516,0.821226092
2017,Iraq,15.11616092,0.788760981
2018,Iraq,12.32144086,0.889250757
2019,Iraq,11.82446199,1.167234113
2005,Jamaica,62.36633823,9.189425774
2006,Jamaica,71.4504773,7.357601179
2007,Jamaica,86.70263092,10.72677997
2008,Jamaica,79.37670884,8.962831377
2009,Jamaica,97.06959415,13.04134533
2010,Jamaica,111.4778783,9.361560823
2011,Jamaica,102.5949604,11.85473341
2012,Jamaica,97.53363432,12.37250683
2013,Jamaica,92.52637679,8.69088166
2014,Jamaica,103.5055179,11.57990677
2015,Jamaica,102.2331037,29.58167635
2016,Jamaica,103.8862774,14.07498526
2017,Jamaica,101.3654153,9.725014838
2018,Jamaica,115.8283743,9.680882619
2019,Jamaica,93.99197046,35.84405375
2005,Jordan,98.76661134,6.80652607
2006,Jordan,89.33433018,6.646299253
2007,Jordan,84.03452731,6.354484214
2008,Jordan,59.89914642,12.43270583
2009,Jordan,57.27756956,2.867495026
2010,Jordan,62.75908067,2.932914259
2011,Jordan,59.73391745,3.19331824
2012,Jordan,58.559826,3.023490006
2013,Jordan,67.42663859,2.717461178
2014,Jordan,66.22178739,3.650639089
2015,Jordan,67.09276411,5.505502898
2016,Jordan,68.48339671,6.194675619
2017,Jordan,72.58574692,4.506791401
2018,Jordan,73.95123127,5.215892549
2019,Jordan,75.24870808,7.529023568
2005,Kazakhstan,85.05594106,25.51656922
2006,Kazakhstan,103.8861109,20.17879198
2007,Kazakhstan,104.7183694,29.55012068
2008,Kazakhstan,93.57589096,29.27798988
2009,Kazakhstan,106.6576584,24.98135506
2010,Kazakhstan,92.60056861,30.67862574
2011,Kazakhstan,75.40587521,19.68036227
2012,Kazakhstan,75.50606117,12.90088707
2013,Kazakhstan,70.925459,14.62536914
2014,Kazakhstan,79.50490899,15.68939673
2015,Kazakhstan,88.82871917,20.17552615
2016,Kazakhstan,132.2630238,16.34987418
2017,Kazakhstan,107.1183197,18.79059458
2018,Kazakhstan,99.99397393,21.39797009
2019,Kazakhstan,100.193152,20.62167804
2005,Kenya,34.70594108,2.887420555
2006,Kenya,26.09025606,1.675025747
2007,Kenya,23.81559049,1.437673448
2008,Kenya,21.44737045,1.153694913
2009,Kenya,23.21917403,1.052462272
2010,Kenya,22.29531116,1.009137805
2011,Kenya,23.93144551,1.053636877
2012,Kenya,23.57601578,1.070204227
2013,Kenya,25.27764479,0.981940462
2014,Kenya,27.91645698,2.201798468
2015,Kenya,31.30582782,1.408885178
2016,Kenya,28.53156685,1.515808063
2017,Kenya,33.49014705,1.921383363
2018,Kenya,34.61404341,3.073601193
2019,Kenya,35.4042862,4.54740284
2008,Kosovo,13.09249908,0.974489942
2009,Kosovo,33.82597267,6.139652416
2010,Kosovo,31.30735337,2.088358579
2011,Kosovo,29.93979111,1.984896399
2012,Kosovo,31.53792671,2.054504092
2013,Kosovo,32.20154951,2.173627891
2014,Kosovo,29.12380367,2.14509323
2015,Kosovo,32.86517083,2.59377833
2016,Kosovo,31.40625324,3.318345508
2017,Kosovo,34.18875597,2.747263697
2018,Kosovo,29.0232835,3.434067142
2019,Kosovo,29.92063517,3.253101337
2005,Kyrgyz Republic,95.128991,6.011454128
2006,Kyrgyz Republic,93.18348166,3.639121563
2007,Kyrgyz Republic,76.72422896,5.172689759
2008,Kyrgyz Republic,73.54377277,6.811708131
2009,Kyrgyz Republic,91.35332891,5.970768647
2010,Kyrgyz Republic,91.74109354,11.68845675
2011,Kyrgyz Republic,99.1762629,7.561803544
2012,Kyrgyz Republic,93.78468069,5.551634109
2013,Kyrgyz Republic,98.59902239,5.796667258
2014,Kyrgyz Republic,101.7578573,5.849396053
2015,Kyrgyz Republic,120.2982634,6.880291658
2016,Kyrgyz Republic,123.5208416,11.37211746
2017,Kyrgyz Republic,110.8830394,8.854757992
2018,Kyrgyz Republic,101.7910288,8.460203559
2019,Kyrgyz Republic,98.39799939,9.803307405
2005,Lao PDR,122.8023054,5.076043451
2006,Lao PDR,116.5799341,5.727545695
2007,Lao PDR,122.3794195,4.910190477
2008,Lao PDR,108.9091632,4.20493569
2009,Lao PDR,112.5624363,4.051309976
2010,Lao PDR,98.11464869,4.51768385
2011,Lao PDR,86.81785844,3.859192382
2012,Lao PDR,77.44458501,2.785185136
2013,Lao PDR,72.23562057,3.036954919
2014,Lao PDR,75.94651588,3.094247895
2015,Lao PDR,84.83257399,3.050874696
2016,Lao PDR,90.18542119,3.666260499
2017,Lao PDR,94.4841066,3.999342761
2018,Lao PDR,92.89637238,4.444758307
2019,Lao PDR,108.8098407,6.038497772
2005,Latin America & Caribbean (excluding high income),29.54480713,5.818713743
2006,Latin America & Caribbean (excluding high income),25.22257636,5.839169845
2007,Latin America & Caribbean (excluding high income),24.07012908,4.059237888
2008,Latin America & Caribbean (excluding high income),21.87357725,3.491580167
2009,Latin America & Caribbean (excluding high income),24.57097005,3.504008005
2010,Latin America & Caribbean (excluding high income),23.16793047,2.758229402
2011,Latin America & Caribbean (excluding high income),22.37221287,2.830578954
2012,Latin America & Caribbean (excluding high income),25.41621129,3.321278839
2013,Latin America & Caribbean (excluding high income),27.62963191,3.342828945
2014,Latin America & Caribbean (excluding high income),30.48526161,3.248663499
2015,Latin America & Caribbean (excluding high income),36.72196758,4.664870026
2016,Latin America & Caribbean (excluding high income),38.78664118,6.285387887
2017,Latin America & Caribbean (excluding high income),36.75666992,5.5031348
2018,Latin America & Caribbean (excluding high income),40.67080172,5.578500385
2019,Latin America & Caribbean (excluding high income),42.24722168,7.159691231
2005,Lebanon,106.9847231,17.06095134
2006,Lebanon,109.2527303,20.39897981
2007,Lebanon,101.3848379,18.59444997
2008,Lebanon,148.9321574,15.02152462
2009,Lebanon,131.154204,29.06709942
2010,Lebanon,126.0572973,27.03372627
2011,Lebanon,125.1377757,30.20779976
2012,Lebanon,127.1839471,25.78031716
2013,Lebanon,133.0926038,23.66360587
2014,Lebanon,135.6425788,25.49855578
2015,Lebanon,138.0370494,25.92911594
2016,Lebanon,138.1081352,27.79481902
2017,Lebanon,140.4157517,29.29975842
2018,Lebanon,148.0789331,29.65851179
2019,Lebanon,146.7334134,33.96445758
2005,Lesotho,30.51634059,3.646840323
2006,Lesotho,29.30578485,2.047223127
2007,Lesotho,29.2370222,4.200177034
2008,Lesotho,29.25938491,1.567673755
2009,Lesotho,33.42801679,1.668351667
2010,Lesotho,27.43846129,1.214825049
2011,Lesotho,26.3385185,1.318397163
2012,Lesotho,31.25936344,1.382502865
2013,Lesotho,34.02193004,1.682614742
2014,Lesotho,33.5371165,1.613954936
2015,Lesotho,36.0951584,2.013606278
2016,Lesotho,56.57177597,2.416849891
2017,Lesotho,57.41061952,2.13417591
2018,Lesotho,48.09453657,2.608044667
2019,Lesotho,55.50863658,2.646337829
2005,Liberia,497.930343,0.232345089
2006,Liberia,433.4838141,0.216702556
2007,Liberia,309.9743666,52.76629132
2008,Liberia,201.7892686,59.67140423
2009,Liberia,113.9755721,1.690406905
2010,Liberia,23.03154922,0.337771227
2011,Liberia,19.72765972,0.14110224
2012,Liberia,19.25777258,0.182325438
2013,Liberia,18.4573252,0.223236316
2014,Liberia,23.55894885,0.604446
2015,Liberia,28.41581092,1.544402371
2016,Liberia,30.48459084,0.389433864
2017,Liberia,36.2106841,0.539809865
2018,Liberia,38.76985802,0.816407895
2019,Liberia,42.71153082,1.289768004
2005,Low & middle income,25.78351468,4.118102801
2006,Low & middle income,23.27013552,3.984387322
2007,Low & middle income,21.91983009,3.324549435
2008,Low & middle income,19.69665522,2.834369311
2009,Low & middle income,21.31800669,2.715999288
2010,Low & middle income,21.42892297,2.472133941
2011,Low & middle income,21.10955092,2.292987402
2012,Low & middle income,22.10098155,2.3651558
2013,Low & middle income,23.79605722,2.48845463
2014,Low & middle income,24.88522619,2.677799027
2015,Low & middle income,24.0473537,2.951278648
2016,Low & middle income,24.69122781,3.42361499
2017,Low & middle income,25.36041166,3.255507269
2018,Low & middle income,25.61639926,3.359282214
2019,Low & middle income,26.2458363,3.784757498
2005,Low income,50.67172871,1.430275558
2006,Low income,36.13346351,1.387019682
2007,Low income,32.35057272,1.761077482
2008,Low income,28.0455834,1.513437296
2009,Low income,30.1018964,1.164306571
2010,Low income,27.16367231,0.900136646
2011,Low income,25.90890252,1.010550133
2012,Low income,30.69341173,0.859229496
2013,Low income,36.49169767,1.13728871
2014,Low income,36.50137972,1.387457629
2015,Low income,39.37947036,1.612641573
2016,Low income,43.32161838,1.803467265
2017,Low income,45.58829697,1.777206763
2018,Low income,46.31424577,2.373628112
2019,Low income,45.97167304,2.432471523
2005,Lower middle income,27.60611414,3.440423883
2006,Lower middle income,24.59293075,3.039349785
2007,Lower middle income,22.85579297,3.314549511
2008,Lower middle income,23.21406024,2.538027873
2009,Lower middle income,24.75690023,2.094476175
2010,Lower middle income,23.31169028,2.062470071
2011,Lower middle income,23.27596498,2.097619938
2012,Lower middle income,24.81728292,2.071924692
2013,Lower middle income,25.68131561,2.286211792
2014,Lower middle income,25.46805133,3.485538378
2015,Lower middle income,26.96742917,2.543721075
2016,Lower middle income,26.80014557,3.326592869
2017,Lower middle income,28.20094317,2.86610439
2018,Lower middle income,28.50000875,3.153277969
2019,Lower middle income,29.33442351,3.169009286
2005,Madagascar,61.45235098,1.388125935
2006,Madagascar,24.43694165,0.971396581
2007,Madagascar,27.63793466,0.410073429
2008,Madagascar,23.83975369,0.37078462
2009,Madagascar,30.06202291,0.526953907
2010,Madagascar,28.112488,0.632024038
2011,Madagascar,25.28569821,0.443823956
2012,Madagascar,26.70870919,0.647212939
2013,Madagascar,24.504477,0.602087017
2014,Madagascar,24.3449796,0.818362625
2015,Madagascar,27.60824654,1.290732085
2016,Madagascar,26.15943861,1.081007095
2017,Madagascar,26.51171056,1.033857223
2018,Madagascar,27.97172694,0.986614307
2019,Madagascar,29.71422721,0.928963949
2005,Malawi,60.52393151,1.442448161
2006,Malawi,15.06095144,1.217678232
2007,Malawi,13.51335254,0.523636932
2008,Malawi,12.883547,0.414858858
2009,Malawi,12.78203598,0.430529899
2010,Malawi,10.18618155,0.206029062
2011,Malawi,10.52255302,0.197132378
2012,Malawi,15.40941734,0.3300106
2013,Malawi,19.8970577,0.558171204
2014,Malawi,19.28751464,0.781845054
2015,Malawi,19.12511442,0.782895888
2016,Malawi,23.41897736,0.958624758
2017,Malawi,24.75442831,0.81720326
2018,Malawi,23.704653,0.882182042
2019,Malawi,22.50640084,0.911086547
2005,Maldives,31.98837968,2.765941683
2006,Maldives,36.07229722,2.944867592
2007,Maldives,48.61226856,4.659955655
2008,Maldives,57.6384057,4.663058216
2009,Maldives,66.16301743,4.702181631
2010,Maldives,40.12811474,3.218336781
2011,Maldives,35.51586022,3.368833882
2012,Maldives,35.92342404,3.193436033
2013,Maldives,34.9521788,4.120716684
2014,Maldives,32.94486478,5.315891824
2015,Maldives,26.44168955,3.641410453
2016,Maldives,28.03826664,3.332426162
2017,Maldives,33.00081653,3.638306475
2018,Maldives,47.25621781,8.94361563
2019,Maldives,51.77452904,8.867313085
2005,Mali,52.6365503,1.640899277
2006,Mali,23.8952424,1.269038203
2007,Mali,23.3494749,0.810639897
2008,Mali,21.41482126,0.725691836
2009,Mali,22.47496695,0.701426159
2010,Mali,23.74654733,0.67140799
2011,Mali,23.1986578,0.561941125
2012,Mali,25.62482793,0.503715244
2013,Mali,27.19644116,0.863350264
2014,Mali,25.19077937,0.779564277
2015,Mali,29.25323053,0.887158109
2016,Mali,28.18580605,0.973154994
2017,Mali,29.06120436,1.094760722
2018,Mali,27.74946975,1.099751172
2019,Mali,30.11146906,1.374811127
2005,Mauritania,76.03321393,2.186862941
2006,Mauritania,40.57264874,2.393063947
2007,Mauritania,59.9374823,2.831763384
2008,Mauritania,54.99142051,1.222152664
2009,Mauritania,65.91762384,1.643149213
2010,Mauritania,63.96581752,2.049607603
2011,Mauritania,56.63174497,1.908187666
2012,Mauritania,65.43008385,2.31667554
2013,Mauritania,64.35909358,2.428674224
2014,Mauritania,71.47905291,3.832395398
2015,Mauritania,83.41403115,4.047710775
2016,Mauritania,80.86658185,4.136979837
2017,Mauritania,78.18379377,4.790609165
2018,Mauritania,70.25859085,5.211142735
2019,Mauritania,69.00363651,4.891087308
2005,Mauritius,55.29105733,12.17786045
2006,Mauritius,48.97344798,19.50534381
2007,Mauritius,67.07555368,18.94931751
2008,Mauritius,63.48544548,12.87633615
2009,Mauritius,79.44875253,21.51926385
2010,Mauritius,79.25772591,22.10705899
2011,Mauritius,87.09092998,12.73939571
2012,Mauritius,88.50782161,27.26999925
2013,Mauritius,98.0701378,19.726899
2014,Mauritius,94.83724927,46.34025129
2015,Mauritius,83.00363019,34.67294484
2016,Mauritius,81.52483701,14.03750996
2017,Mauritius,75.64503159,20.89163183
2018,Mauritius,72.71221143,20.84001682
2019,Mauritius,81.57071892,21.24178768
2005,Mexico,24.13519477,4.033599434
2006,Mexico,22.07310845,5.435681762
2007,Mexico,23.10630242,3.506385616
2008,Mexico,21.66258662,3.541994913
2009,Mexico,26.96747579,3.537764571
2010,Mexico,28.57003879,2.903843205
2011,Mexico,29.05072463,3.421707421
2012,Mexico,35.23772549,5.663254581
2013,Mexico,39.11106467,3.050453341
2014,Mexico,40.85170994,3.528791265
2015,Mexico,45.48031292,4.464771315
2016,Mexico,50.29659271,7.24905464
2017,Mexico,49.85860001,5.643054857
2018,Mexico,49.19022878,4.79410816
2019,Mexico,48.71691875,5.457783197
2005,Middle East & North Africa (excluding high income),28.65393756,3.645840749
2006,Middle East & North Africa (excluding high income),23.27220736,4.648158869
2007,Middle East & North Africa (excluding high income),19.98812288,2.452862076
2008,Middle East & North Africa (excluding high income),15.96229957,2.14896047
2009,Middle East & North Africa (excluding high income),17.51018618,2.315545386
2010,Middle East & North Africa (excluding high income),16.00129172,1.972851143
2011,Middle East & North Africa (excluding high income),13.3605969,1.850421668
2012,Middle East & North Africa (excluding high income),13.23186914,1.621114366
2013,Middle East & North Africa (excluding high income),15.72046969,1.858826596
2014,Middle East & North Africa (excluding high income),15.864902,2.091485911
2015,Middle East & North Africa (excluding high income),18.78328795,2.012952349
2016,Middle East & North Africa (excluding high income),20.48568487,2.326009284
2017,Middle East & North Africa (excluding high income),23.4048751,2.386206843
2018,Middle East & North Africa (excluding high income),25.34251916,2.640895601
2019,Middle East & North Africa (excluding high income),26.96597918,2.985225416
2005,Middle income,25.26288401,4.165229307
2006,Middle income,23.00339331,4.031335682
2007,Middle income,21.70514444,3.352649318
2008,Middle income,19.52352696,2.86199375
2009,Middle income,21.13379109,2.748768349
2010,Middle income,21.32144805,2.501765247
2011,Middle income,21.02652488,2.315304345
2012,Middle income,21.96750435,2.388637849
2013,Middle income,23.60880171,2.508474496
2014,Middle income,24.70718538,2.697642225
2015,Middle income,23.80710627,2.972127522
2016,Middle income,24.4173882,3.447297104
2017,Middle income,25.07742054,3.276081566
2018,Middle income,25.33247763,3.372734503
2019,Middle income,25.96456311,3.80285462
2005,Moldova,65.42392946,7.520030883
2006,Moldova,68.82634392,8.967398659
2007,Moldova,69.94440364,7.212794039
2008,Moldova,56.01455713,7.613250548
2009,Moldova,64.65781805,6.774343802
2010,Moldova,63.15999673,5.272509423
2011,Moldova,58.01882972,5.188570614
2012,Moldova,55.88795638,5.930473354
2013,Moldova,59.70560858,6.414804657
2014,Moldova,57.22707191,5.667182103
2015,Moldova,73.90005792,5.063837193
2016,Moldova,73.78753308,5.148651195
2017,Moldova,69.19280041,4.526961328
2018,Moldova,61.80633351,4.9769227
2019,Moldova,59.09280956,5.073666877
2005,Mongolia,56.49472399,1.822010937
2006,Mongolia,44.32565538,1.498728135
2007,Mongolia,42.14601599,1.382823075
2008,Mongolia,40.10530684,1.46375437
2009,Mongolia,68.09061407,2.831262958
2010,Mongolia,89.69276697,3.635212409
2011,Mongolia,100.8106712,2.596711646
2012,Mongolia,140.0315881,10.48574941
2013,Mongolia,169.8499413,11.76563122
2014,Mongolia,201.7487172,11.99858711
2015,Mongolia,226.3963292,17.15611776
2016,Mongolia,257.4954925,14.2318879
2017,Mongolia,301.2138476,37.45143316
2018,Mongolia,264.7052861,64.12324834
2019,Mongolia,263.625221,88.963244
2006,Montenegro,31.79292561,1.529266024
2007,Montenegro,34.89571478,4.532018249
2008,Montenegro,32.56404141,1.530443104
2009,Montenegro,56.55894098,1.64676423
2010,Montenegro,109.45056,2.314826422
2011,Montenegro,120.5994245,5.879186839
2012,Montenegro,148.5784057,7.720093491
2013,Montenegro,162.2710661,9.309364083
2014,Montenegro,145.2136661,14.49713622
2015,Montenegro,161.0756405,19.27263232
2016,Montenegro,142.23953,17.67981376
2017,Montenegro,146.3218679,8.473826743
2018,Montenegro,145.1602941,15.88115235
2019,Montenegro,150.7476045,12.38928522
2005,Morocco,23.84258601,3.994632308
2006,Morocco,23.90750599,4.518407843
2007,Morocco,23.99491012,4.649876764
2008,Morocco,20.72660735,4.145684446
2009,Morocco,24.81542518,3.42036897
2010,Morocco,27.46296946,3.322944913
2011,Morocco,27.69807985,2.979144617
2012,Morocco,32.32405092,3.44563907
2013,Morocco,34.50288803,4.591242381
2014,Morocco,37.12501899,4.081359449
2015,Morocco,41.05257433,3.28990133
2016,Morocco,43.47279615,3.537807891
2017,Morocco,44.00320962,3.433912925
2018,Morocco,40.41140343,3.255634242
2019,Morocco,43.53433773,3.354549068
2005,Mozambique,71.90429056,4.745300016
2006,Mozambique,55.43580178,6.938431656
2007,Mozambique,55.58885,11.61421174
2008,Mozambique,51.85632877,5.100041714
2009,Mozambique,66.02080448,4.516128864
2010,Mozambique,101.6171423,1.719703491
2011,Mozambique,93.75026684,3.514775612
2012,Mozambique,119.1047334,1.886786474
2013,Mozambique,168.9200551,3.195163436
2014,Mozambique,193.622142,3.726072539
2015,Mozambique,239.0647042,6.418427325
2016,Mozambique,361.948594,9.461586999
2017,Mozambique,356.802409,10.8503527
2018,Mozambique,338.1421921,13.6035483
2019,Mozambique,355.8072771,12.61699739
2005,Myanmar,59.91235805,0.207733243
2006,Myanmar,51.86682708,0.390742424
2007,Myanmar,39.98422373,0.390163515
2008,Myanmar,28.12228252,0.277965675
2009,Myanmar,25.73560314,0.302185626
2010,Myanmar,20.17048621,0.488335653
2011,Myanmar,18.05353041,0.36113835
2012,Myanmar,19.16993282,2.005097455
2013,Myanmar,16.99066632,4.214574828
2014,Myanmar,16.06974562,0.990867975
2015,Myanmar,17.77379055,0.872294204
2016,Myanmar,16.40196892,1.199824627
2017,Myanmar,16.86099167,1.007504166
2018,Myanmar,16.26376318,1.262914984
2019,Myanmar,15.39357379,0.957381154
2005,Nepal,39.1154769,1.475843514
2006,Nepal,37.34243388,1.558050648
2007,Nepal,34.63883048,1.412037609
2008,Nepal,29.18214478,1.293945939
2009,Nepal,29.03668393,1.358434781
2010,Nepal,23.48830744,1.166347889
2011,Nepal,17.65006545,0.910109494
2012,Nepal,17.43284354,1.021633352
2013,Nepal,17.98635966,0.9933706
2014,Nepal,17.2597307,0.988378381
2015,Nepal,16.76955704,0.916147884
2016,Nepal,17.29759804,0.963642887
2017,Nepal,16.96112276,0.867099482
2018,Nepal,16.53536205,0.732895395
2019,Nepal,18.86458336,0.81907659
2005,Nicaragua,81.20289738,2.820575558
2006,Nicaragua,63.99277161,2.566581683
2007,Nicaragua,56.91530051,5.541308361
2008,Nicaragua,56.99668894,5.193948244
2009,Nicaragua,73.59338952,5.821435544
2010,Nicaragua,82.41908437,6.745375842
2011,Nicaragua,83.51009879,7.681561123
2012,Nicaragua,90.49452695,21.16243154
2013,Nicaragua,98.14983652,21.69563497
2014,Nicaragua,95.91095356,25.84780207
2015,Nicaragua,93.85004004,12.80714478
2016,Nicaragua,96.40990304,14.75049332
2017,Nicaragua,97.35167862,20.18467484
2018,Nicaragua,105.0938474,17.58438574
2019,Nicaragua,111.2626422,14.52533744
2005,Niger,42.12405853,0.869406229
2006,Niger,15.05609741,3.358713451
2007,Niger,17.97468252,0.504286578
2008,Niger,12.3261794,0.376578704
2009,Niger,16.10108727,0.483462037
2010,Niger,18.51569164,0.319316774
2011,Niger,23.72626716,0.350748168
2012,Niger,18.30172221,0.425763569
2013,Niger,18.65482828,0.694951194
2014,Niger,17.64289526,1.005288086
2015,Niger,21.93076509,0.865275525
2016,Niger,23.39744515,1.038452276
2017,Niger,26.16712989,1.163729103
2018,Niger,23.69325552,0.944145744
2019,Niger,26.58977626,1.058181406
2008,Nigeria,6.295897339,0.247727673
2009,Nigeria,8.111685677,0.230923028
2010,Nigeria,8.392616047,0.172606501
2011,Nigeria,8.717681984,0.178682702
2012,Nigeria,8.893412341,0.191905207
2013,Nigeria,8.617534454,0.212283012
2014,Nigeria,8.409126501,0.426308995
2015,Nigeria,9.373945267,0.497870191
2016,Nigeria,10.97823029,1.275829348
2017,Nigeria,17.730759,1.054332003
2018,Nigeria,16.92017105,1.403182406
2019,Nigeria,17.48657128,1.434514333
2005,North Macedonia,48.42853066,4.464901722
2006,North Macedonia,48.18826978,8.254525759
2007,North Macedonia,52.35874413,8.882652243
2008,North Macedonia,43.86639988,4.672960196
2009,North Macedonia,55.82528327,5.734351079
2010,North Macedonia,55.16588185,6.72653983
2011,North Macedonia,58.04292601,9.268363554
2012,North Macedonia,67.55609323,7.325183485
2013,North Macedonia,60.11249277,12.28953894
2014,North Macedonia,60.00366759,8.655124228
2015,North Macedonia,67.63270262,11.23839441
2016,North Macedonia,71.86795149,8.786499585
2017,North Macedonia,77.6192228,8.490643184
2018,North Macedonia,70.86710552,10.96547584
2019,North Macedonia,73.87891384,6.428058344
2005,Pakistan,24.21055262,1.733212299
2006,Pakistan,23.69501811,1.466652025
2007,Pakistan,23.59588741,1.485651603
2008,Pakistan,25.31028506,1.541731408
2009,Pakistan,31.15965374,1.914876713
2010,Pakistan,32.82000315,2.249326909
2011,Pakistan,28.60150422,1.327474605
2012,Pakistan,25.90684005,2.006565876
2013,Pakistan,23.64729921,2.729448527
2014,Pakistan,24.065567,1.812087532
2015,Pakistan,23.27626012,1.434006211
2016,Pakistan,24.39509932,1.411957931
2017,Pakistan,27.87567398,2.037597481
2018,Pakistan,28.57189656,1.745093431
2019,Pakistan,34.94382852,3.520934579
2005,Papua New Guinea,41.32223306,6.798309393
2006,Papua New Guinea,23.29934411,4.332604315
2007,Papua New Guinea,17.3473574,11.41858425
2008,Papua New Guinea,13.02622028,8.830533961
2009,Papua New Guinea,16.43447279,5.041524811
2010,Papua New Guinea,45.41648541,6.157334569
2011,Papua New Guinea,77.33019279,7.275517797
2012,Papua New Guinea,73.88249137,2.393441179
2013,Papua New Guinea,110.5834027,6.466232115
2014,Papua New Guinea,89.56367301,5.123255176
2015,Papua New Guinea,100.4045542,5.407917048
2016,Papua New Guinea,97.13880217,16.7475525
2017,Papua New Guinea,79.50832896,12.85910654
2018,Papua New Guinea,77.80443712,12.20066278
2019,Papua New Guinea,81.44967316,10.26781837
2005,Paraguay,88.66759316,5.268277409
2006,Paraguay,78.99522808,3.635636109
2007,Paraguay,63.53988608,2.518760418
2008,Paraguay,53.55025771,2.393756019
2009,Paraguay,66.35024159,2.317883239
2010,Paraguay,62.4076902,1.979100011
2011,Paraguay,49.66824349,2.895842291
2012,Paraguay,52.17243701,6.267984839
2013,Paraguay,44.71855233,4.505835844
2014,Paraguay,44.49439985,8.071727543
2015,Paraguay,49.71864038,5.832947425
2016,Paraguay,49.55413305,4.128409089
2017,Paraguay,45.28363117,5.012331158
2018,Paraguay,44.25096505,6.44506237
2019,Paraguay,47.98971257,4.14934571
2005,Peru,41.37273504,8.515951361
2006,Peru,35.95340611,4.385071361
2007,Peru,34.19613752,9.609859199
2008,Peru,30.93202991,4.688461878
2009,Peru,32.998556,3.768007246
2010,Peru,30.83867473,4.898316017
2011,Peru,28.29469829,2.524475046
2012,Peru,34.14014374,3.625021311
2013,Peru,33.30418753,3.922639521
2014,Peru,35.42461385,2.87518627
2015,Peru,36.65289796,3.01857707
2016,Peru,37.84524786,4.234469512
2017,Peru,33.5835101,5.512243217
2018,Peru,31.55180814,3.445129845
2019,Peru,29.19160332,3.039021733
2005,Philippines,49.77091697,8.080811367
2006,Philippines,41.31116792,9.482129217
2007,Philippines,34.80455375,4.881472463
2008,Philippines,29.32740415,5.232967463
2009,Philippines,28.51288208,4.579480268
2010,Philippines,28.19621013,4.945313567
2011,Philippines,25.47240262,3.665133837
2012,Philippines,23.84861654,1.962732929
2013,Philippines,20.85999709,1.853187489
2014,Philippines,23.25838642,2.271898187
2015,Philippines,22.33497196,3.097589803
2016,Philippines,21.13938573,3.105544897
2017,Philippines,20.05517829,3.07305
2018,Philippines,20.58162417,2.295606189
2019,Philippines,20.17815676,2.5616558
2005,Rwanda,52.51657943,0.971559451
2006,Rwanda,13.17710726,0.813557681
2007,Rwanda,15.27691868,0.581955608
2008,Rwanda,18.06217726,0.930464171
2009,Rwanda,19.53578856,0.700639432
2010,Rwanda,20.30651206,0.855364598
2011,Rwanda,21.39389324,0.680655556
2012,Rwanda,24.02677822,1.130137316
2013,Rwanda,30.10553412,1.420896916
2014,Rwanda,36.146665,2.105303636
2015,Rwanda,41.18590348,2.203465217
2016,Rwanda,51.06727837,2.627878509
2017,Rwanda,56.64393151,2.730462147
2018,Rwanda,61.15148789,2.830460073
2019,Rwanda,65.14107115,3.249326727
2005,Samoa,38.25475848,1.315756257
2006,Samoa,35.58854063,1.511476283
2007,Samoa,34.97209859,1.299975617
2008,Samoa,34.52072656,1.342113788
2009,Samoa,42.30429073,1.424506086
2010,Samoa,49.22813404,1.60833185
2011,Samoa,51.42665042,1.661008667
2012,Samoa,56.66673044,1.787930589
2013,Samoa,60.74304763,2.024501874
2014,Samoa,63.06815943,2.644654298
2015,Samoa,57.7230691,2.900860109
2016,Samoa,53.81198946,3.208543849
2017,Samoa,55.09663629,3.62848582
2018,Samoa,52.57426229,4.228262258
2019,Samoa,49.5769047,4.119139742
2005,Sao Tome and Principe,251.351521,4.983551862
2006,Sao Tome and Principe,241.111346,4.838664988
2007,Sao Tome and Principe,108.1797358,4.21301701
2008,Sao Tome and Principe,70.0874979,1.241698144
2009,Sao Tome and Principe,78.35004276,1.04846261
2010,Sao Tome and Principe,95.4859398,0.870703487
2011,Sao Tome and Principe,101.630237,0.73696254
2012,Sao Tome and Principe,86.20819167,5.004781012
2013,Sao Tome and Principe,77.70400922,2.191315418
2014,Sao Tome and Principe,74.33878311,4.584291532
2015,Sao Tome and Principe,90.37670339,1.051529515
2016,Sao Tome and Principe,82.85959584,0.890167404
2017,Sao Tome and Principe,82.62134136,1.195945762
2018,Sao Tome and Principe,64.54426533,1.204862207
2019,Sao Tome and Principe,67.17228184,2.151105044
2005,Senegal,35.36578711,1.864002383
2006,Senegal,16.64474789,1.601784193
2007,Senegal,18.57561684,1.366122421
2008,Senegal,16.96387199,1.078333294
2009,Senegal,23.29128824,1.235702002
2010,Senegal,29.11361238,1.166876171
2011,Senegal,33.10998631,1.975944738
2012,Senegal,40.94744479,2.27211816
2013,Senegal,43.99312181,2.712798351
2014,Senegal,55.44620513,1.860214414
2015,Senegal,60.52641266,5.778996119
2016,Senegal,61.83933651,2.269461293
2017,Senegal,69.80116573,3.00929854
2018,Senegal,84.30653879,3.819020186
2019,Senegal,84.44816681,6.046462094
2005,Serbia,57.68872141,4.407066826
2006,Serbia,60.4717077,6.542168468
2007,Serbia,60.19700468,7.429650689
2008,Serbia,57.77696819,8.972380621
2009,Serbia,73.03994995,10.03708105
2010,Serbia,77.13810494,10.0955928
2011,Serbia,64.15150875,10.55724959
2012,Serbia,78.65082158,13.82280307
2013,Serbia,73.37087004,17.37061081
2014,Serbia,67.84772588,17.52198077
2015,Serbia,76.6909981,10.60560657
2016,Serbia,69.79923277,14.67596286
2017,Serbia,71.74705866,11.28653364
2018,Serbia,61.84740289,11.05028421
2019,Serbia,62.84873316,13.45989569
2005,Sierra Leone,75.24956152,0.765405665
2006,Sierra Leone,54.68154215,0.882566561
2007,Sierra Leone,18.27362072,0.353927185
2008,Sierra Leone,17.5440453,0.163619392
2009,Sierra Leone,22.64330927,0.209960132
2010,Sierra Leone,23.08728295,0.28796984
2011,Sierra Leone,22.90079339,0.406960837
2012,Sierra Leone,22.52603721,0.350341911
2013,Sierra Leone,18.18607589,0.355897507
2014,Sierra Leone,18.26917431,0.448908175
2015,Sierra Leone,23.42729606,0.779795084
2016,Sierra Leone,27.32088996,0.676778645
2017,Sierra Leone,31.37918842,1.039566524
2018,Sierra Leone,29.00384081,0.954677618
2019,Sierra Leone,29.90564894,1.165082778
2005,Solomon Islands,30.18823682,2.53565721
2006,Solomon Islands,28.90529013,0.715278037
2007,Solomon Islands,26.95113881,2.104483801
2008,Solomon Islands,23.16575906,2.101702993
2009,Solomon Islands,23.0022172,1.333017116
2010,Solomon Islands,27.01353657,2.422948658
2011,Solomon Islands,26.00924633,1.545095764
2012,Solomon Islands,20.22491968,2.646695593
2013,Solomon Islands,15.81509332,3.427459248
2014,Solomon Islands,14.20264473,1.31214283
2015,Solomon Islands,16.1611694,1.092331121
2016,Solomon Islands,19.73888262,1.716711529
2017,Solomon Islands,22.40219028,2.068658395
2018,Solomon Islands,19.86099335,2.222107484
2019,Solomon Islands,19.02954145,1.611142472
2005,Somalia,58.01205048,0.015667588
2006,Somalia,55.79387529,0.017324925
2007,Somalia,53.56223397,0.013820739
2008,Somalia,49.06884323,0.031328192
2009,Somalia,100.9490784,0.005745251
2010,Somalia,110.2423476,0.00860235
2011,Somalia,102.0335431,0.002719412
2012,Somalia,67.36872136,0.005051307
2013,Somalia,58.41713209,0.011642057
2014,Somalia,49.79366681,0.000613426
2015,Somalia,45.24956897,0.000525565
2016,Somalia,41.69056125,0.000823467
2017,Somalia,37.4050773,0.000456829
2018,Somalia,67.77676597,0.000794776
2019,Somalia,62.35031662,0.007405883
2005,South Africa,15.8817076,1.740034823
2006,South Africa,19.39684313,2.566573747
2007,South Africa,22.51907731,1.413753505
2008,South Africa,24.1786295,2.26213871
2009,South Africa,26.112601,1.726997928
2010,South Africa,28.18005593,1.627449938
2011,South Africa,27.74142319,1.499846125
2012,South Africa,34.93603481,2.515063784
2013,South Africa,36.2068137,3.450090738
2014,South Africa,40.16671587,2.719325513
2015,South Africa,37.70780028,7.996419432
2016,South Africa,45.68690774,4.571141861
2017,South Africa,47.18963435,4.006288644
2018,South Africa,45.73861765,7.366554551
2019,South Africa,50.24551351,5.644494646
2005,South Asia,17.80038724,2.613461612
2006,South Asia,19.34227387,1.779557379
2007,South Asia,18.89988633,2.886696663
2008,South Asia,20.88423355,2.352090154
2009,South Asia,21.59458671,1.345586713
2010,South Asia,19.82181857,1.528647677
2011,South Asia,20.16349574,1.55504324
2012,South Asia,22.92140955,1.715520228
2013,South Asia,23.9580989,2.116797762
2014,South Asia,23.45297675,4.109002323
2015,South Asia,23.57282075,2.200921393
2016,South Asia,21.05250708,2.912230852
2017,South Asia,21.08167253,1.909970678
2018,South Asia,21.21385981,2.308569621
2019,South Asia,22.11742621,2.073018843
2005,Sri Lanka,46.87530521,1.830425091
2006,Sri Lanka,42.49951029,3.425922239
2007,Sri Lanka,44.25799886,2.725304553
2008,Sri Lanka,41.06455588,3.132170416
2009,Sri Lanka,46.90672883,3.422320556
2010,Sri Lanka,37.37430976,2.427395517
2011,Sri Lanka,38.44220709,1.95969125
2012,Sri Lanka,51.61658423,3.070646452
2013,Sri Lanka,52.2481961,2.846647591
2014,Sri Lanka,52.3589317,7.99981394
2015,Sri Lanka,52.84833081,4.272091195
2016,Sri Lanka,54.37495912,3.872451904
2017,Sri Lanka,55.14422732,4.574517376
2018,Sri Lanka,57.46260542,8.030434998
2019,Sri Lanka,64.84298796,7.210784602
2005,St. Lucia,39.77129677,3.019910529
2006,St. Lucia,30.95137833,2.851189734
2007,St. Lucia,37.93165811,3.748650517
2008,St. Lucia,61.34400768,4.294517141
2009,St. Lucia,32.35276515,3.180310654
2010,St. Lucia,40.53105814,3.063107897
2011,St. Lucia,29.43666813,2.894500917
2012,St. Lucia,27.72831736,2.834645193
2013,St. Lucia,29.54472842,2.224623387
2014,St. Lucia,32.68110918,2.243875584
2015,St. Lucia,31.97607458,4.231071555
2016,St. Lucia,30.92760124,2.755624257
2017,St. Lucia,33.05639578,2.538042635
2018,St. Lucia,31.4242696,2.557853375
2019,St. Lucia,32.42839271,2.615946521
2005,St. Vincent and the Grenadines,45.90249272,4.297733182
2006,St. Vincent and the Grenadines,39.41127991,5.396838201
2007,St. Vincent and the Grenadines,29.20065837,4.019179993
2008,St. Vincent and the Grenadines,32.2151705,4.245154713
2009,St. Vincent and the Grenadines,34.85597504,5.162656854
2010,St. Vincent and the Grenadines,41.78110533,5.065258911
2011,St. Vincent and the Grenadines,43.55945268,4.953869964
2012,St. Vincent and the Grenadines,40.07699423,4.975385815
2013,St. Vincent and the Grenadines,41.4718063,4.22671137
2014,St. Vincent and the Grenadines,46.75354069,4.040853297
2015,St. Vincent and the Grenadines,46.20294965,4.35259646
2016,St. Vincent and the Grenadines,42.350829,5.119647617
2017,St. Vincent and the Grenadines,40.39629325,4.897282037
2018,St. Vincent and the Grenadines,36.14139294,5.327911173
2019,St. Vincent and the Grenadines,37.08260724,5.001871754
2005,Sub-Saharan Africa (excluding high income),29.96945197,2.314915242
2006,Sub-Saharan Africa (excluding high income),22.81194674,2.764789376
2007,Sub-Saharan Africa (excluding high income),23.00800616,2.300090092
2008,Sub-Saharan Africa (excluding high income),21.85170239,1.7255762
2009,Sub-Saharan Africa (excluding high income),25.76731421,1.660203212
2010,Sub-Saharan Africa (excluding high income),25.46363497,1.365260728
2011,Sub-Saharan Africa (excluding high income),25.25165782,1.384497316
2012,Sub-Saharan Africa (excluding high income),27.36408589,1.832505984
2013,Sub-Saharan Africa (excluding high income),28.37965723,2.002795776
2014,Sub-Saharan Africa (excluding high income),28.99853109,2.308641601
2015,Sub-Saharan Africa (excluding high income),32.55255931,3.545247322
2016,Sub-Saharan Africa (excluding high income),38.38892192,3.515643298
2017,Sub-Saharan Africa (excluding high income),41.33997527,3.355868783
2018,Sub-Saharan Africa (excluding high income),40.96246196,4.395886664
2019,Sub-Saharan Africa (excluding high income),42.42998429,4.498099652
2005,Sudan,52.22380117,1.110277325
2006,Sudan,42.9579124,0.70184246
2007,Sudan,34.98456119,0.673357908
2008,Sudan,33.29640965,0.592524548
2009,Sudan,42.64323088,0.985340057
2010,Sudan,41.23097843,0.905456378
2011,Sudan,41.88498178,1.04970256
2012,Sudan,62.00283322,1.031748334
2013,Sudan,56.48777592,0.737936966
2014,Sudan,45.2388852,0.537811161
2015,Sudan,42.83254174,1.034595377
2016,Sudan,51.14760184,0.703938556
2017,Sudan,55.43435899,0.618437767
2018,Sudan,71.44014121,0.704765083
2019,Sudan,74.36677665,0.636675383
2015,Suriname,50.11861446,6.663718828
2016,Suriname,94.00489246,17.73632612
2017,Suriname,97.81944378,11.21491516
2018,Suriname,98.10102592,13.88392185
2019,Suriname,108.9759011,15.1716022
2008,Syrian Arab Republic,10.92097998,1.411988043
2009,Syrian Arab Republic,11.16693989,1.227854386
2010,Syrian Arab Republic,9.191306965,1.092427509
2011,Syrian Arab Republic,7.908360385,0.991699997
2012,Syrian Arab Republic,11.44142792,0.001844061
2013,Syrian Arab Republic,23.31627252,0.004342249
2014,Syrian Arab Republic,22.28541341,0.001028803
2015,Syrian Arab Republic,27.8870431,0.003602494
2016,Syrian Arab Republic,36.00513897,0.003129413
2017,Syrian Arab Republic,29.18232934,0.003314768
2018,Syrian Arab Republic,22.13366738,0.09748742
2019,Syrian Arab Republic,21.12964348,0.02075334
2005,Tajikistan,41.98081785,2.733046987
2006,Tajikistan,30.65342375,1.974363823
2007,Tajikistan,28.51126524,1.375993911
2008,Tajikistan,37.55363625,1.909556151
2009,Tajikistan,44.78526347,7.834989008
2010,Tajikistan,51.09488113,9.966317483
2011,Tajikistan,47.15980329,7.098136318
2012,Tajikistan,47.40486748,4.534929985
2013,Tajikistan,43.75430427,3.996464742
2014,Tajikistan,45.35730002,3.799813148
2015,Tajikistan,52.50184476,3.205689679
2016,Tajikistan,64.10082597,7.836427713
2017,Tajikistan,67.91501652,8.159391753
2018,Tajikistan,67.69981754,6.485705012
2019,Tajikistan,68.86698018,5.843956643
2005,Tanzania,46.66598161,0.723783075
2006,Tanzania,22.11208786,0.472584281
2007,Tanzania,23.41254639,0.331937264
2008,Tanzania,21.90733406,0.265651399
2009,Tanzania,26.68251767,0.563852839
2010,Tanzania,28.4300895,0.608840651
2011,Tanzania,29.89418901,0.433041379
2012,Tanzania,30.83444434,0.434723332
2013,Tanzania,31.14481598,0.553415086
2014,Tanzania,32.82739136,0.618887114
2015,Tanzania,38.89956687,1.004853486
2016,Tanzania,39.84868041,1.511324287
2017,Tanzania,40.95689622,1.592990421
2018,Tanzania,39.69148124,1.855519365
2019,Tanzania,40.29844989,2.06905066
2005,Thailand,32.36465399,9.978674927
2006,Thailand,29.37347191,6.86398121
2007,Thailand,24.86515952,8.672308999
2008,Thailand,23.76035508,6.157933425
2009,Thailand,29.7717122,4.681407998
2010,Thailand,32.79095242,3.35612198
2011,Thailand,32.51982836,2.902820024
2012,Thailand,39.84406323,4.065411123
2013,Thailand,39.09678127,3.767162575
2014,Thailand,38.02588005,7.024756334
2015,Thailand,32.31480923,5.149688595
2016,Thailand,33.2711075,3.790057637
2017,Thailand,35.22982766,3.666089375
2018,Thailand,35.68589602,4.191447162
2019,Thailand,32.17690865,6.151131201
2012,Timor-Leste,1.760777056,0.007620239
2013,Timor-Leste,2.155480147,0.007398844
2014,Timor-Leste,3.125037063,0.013184945
2015,Timor-Leste,4.186314833,0.029320727
2016,Timor-Leste,3.643733131,0.036917173
2017,Timor-Leste,5.51559154,0.079310437
2018,Timor-Leste,7.069444243,0.142944638
2019,Timor-Leste,7.08840627,0.250267647
2005,Togo,52.94407458,0.666721161
2006,Togo,54.67949949,0.815159263
2007,Togo,52.7650804,0.414516695
2008,Togo,35.92414019,4.278615795
2009,Togo,36.69340194,1.14515989
2010,Togo,27.21684805,0.773589426
2011,Togo,11.17022341,0.272408431
2012,Togo,13.95200105,0.440786319
2013,Togo,15.41403848,0.874326774
2014,Togo,15.96674228,0.956074375
2015,Togo,18.72624139,1.037197465
2016,Togo,19.82540587,1.484774075
2017,Togo,25.55363914,1.68418632
2018,Togo,24.19083218,1.634591869
2019,Togo,28.45441628,1.614960765
2005,Tonga,34.08670084,1.985110215
2006,Tonga,30.80560547,1.48046515
2007,Tonga,31.94956307,1.658448629
2008,Tonga,28.25531366,1.580313938
2009,Tonga,35.65825429,1.198717631
2010,Tonga,40.56040809,1.33125409
2011,Tonga,44.86623987,1.409814609
2012,Tonga,40.82564345,1.315477364
2013,Tonga,43.09382992,1.424346037
2014,Tonga,44.11109601,1.473412552
2015,Tonga,41.70177796,1.455553006
2016,Tonga,40.80221474,1.44787864
2017,Tonga,40.35232394,1.166032772
2018,Tonga,36.43792459,1.853789308
2019,Tonga,35.4250798,1.055520637
2005,Tunisia,58.95612601,6.680990749
2006,Tunisia,57.42377204,7.777539784
2007,Tunisia,56.14371127,6.865552378
2008,Tunisia,50.93043042,4.825008138
2009,Tunisia,55.41407252,5.16750812
2010,Tunisia,51.33635373,5.375113239
2011,Tunisia,49.74986783,5.797400748
2012,Tunisia,55.97496203,5.774953396
2013,Tunisia,56.32793775,5.301302128
2014,Tunisia,56.81906759,4.080186067
2015,Tunisia,63.22303396,4.139055281
2016,Tunisia,68.02942461,4.824745605
2017,Tunisia,81.88818677,7.467195297
2018,Tunisia,84.67246053,7.228036127
2019,Tunisia,98.55728044,7.915633673
2005,Turkiye,35.58412671,8.278993272
2006,Turkiye,39.47498568,7.495218616
2007,Turkiye,39.80400227,7.355384982
2008,Turkiye,38.59837739,7.351664431
2009,Turkiye,44.57377455,9.837241893
2010,Turkiye,41.10011131,7.779084576
2011,Turkiye,38.60158542,7.04638389
2012,Turkiye,40.43599078,6.599144523
2013,Turkiye,42.37166304,6.787296853
2014,Turkiye,44.47236911,6.307514268
2015,Turkiye,46.77339064,6.53139077
2016,Turkiye,46.40453619,8.798938175
2017,Turkiye,52.74612928,10.22728709
2018,Turkiye,55.58142244,10.87052893
2019,Turkiye,55.37788615,11.47828704
2005,Turkmenistan,15.28638352,4.116027697
2006,Turkmenistan,10.26924005,2.683263026
2007,Turkmenistan,7.137001877,1.660196115
2008,Turkmenistan,4.484781457,0.960048648
2009,Turkmenistan,4.24042892,0.91247939
2010,Turkmenistan,8.129961049,0.963013832
2011,Turkmenistan,16.27128105,0.98268965
2012,Turkmenistan,20.56795135,0.963029338
2013,Turkmenistan,23.13682265,1.240386496
2014,Turkmenistan,18.58668736,3.942991578
2015,Turkmenistan,20.77916061,4.373046377
2016,Turkmenistan,23.18568985,4.305229805
2017,Turkmenistan,23.79569653,4.758494991
2018,Turkmenistan,20.89662142,4.693178276
2019,Turkmenistan,14.91518114,4.845700228
2005,Uganda,49.74304032,1.915464277
2006,Uganda,13.36937147,1.026367335
2007,Uganda,14.16025115,0.570677787
2008,Uganda,16.17163313,0.523344248
2009,Uganda,11.17634067,0.290526599
2010,Uganda,11.34001118,0.242043072
2011,Uganda,11.88965879,0.231874141
2012,Uganda,14.12742167,0.255169161
2013,Uganda,30.27510157,0.308915801
2014,Uganda,27.14972922,0.647647836
2015,Uganda,30.13521555,0.298477889
2016,Uganda,35.16034263,2.943154527
2017,Uganda,38.90665612,0.625735619
2018,Uganda,38.52625283,1.653252823
2019,Uganda,40.64003805,0.871236308
2005,Ukraine,41.2177496,6.916866011
2006,Ukraine,51.18220101,8.901603957
2007,Ukraine,56.88523405,8.469042225
2008,Ukraine,55.80506087,10.37257545
2009,Ukraine,91.7428679,20.01401493
2010,Ukraine,91.59189324,19.87128917
2011,Ukraine,85.17376935,16.68769644
2012,Ukraine,74.05596431,16.24732517
2013,Ukraine,78.27556326,20.16410643
2014,Ukraine,96.7265803,15.96748242
2015,Ukraine,125.0258712,31.33478398
2016,Ukraine,123.3424209,13.14181186
2017,Ukraine,109.4071479,11.62925158
2018,Ukraine,92.73721758,11.17269184
2019,Ukraine,80.69871443,8.956141669
2005,Upper middle income,24.4910697,4.357059813
2006,Upper middle income,22.49027551,4.28673801
2007,Upper middle income,21.32056438,3.362471195
2008,Upper middle income,18.57117235,2.946519808
2009,Upper middle income,20.15306711,2.927581913
2010,Upper middle income,20.79168728,2.619810808
2011,Upper middle income,20.46842359,2.369871958
2012,Upper middle income,21.269396,2.467205111
2013,Upper middle income,23.10367958,2.563333438
2014,Upper middle income,24.51460975,2.495866315
2015,Upper middle income,22.97529975,3.084885389
2016,Upper middle income,23.76481462,3.480354769
2017,Upper middle income,24.23665832,3.386435599
2018,Upper middle income,24.49744776,3.430588003
2019,Upper middle income,25.04756865,3.975334364
2005,Uzbekistan,32.42838289,5.566013901
2006,Uzbekistan,26.17949651,4.962645331
2007,Uzbekistan,20.05359125,3.590883987
2008,Uzbekistan,16.21439821,2.774824811
2009,Uzbekistan,21.07919447,2.428421267
2010,Uzbekistan,15.76678582,1.218609544
2011,Uzbekistan,13.39061109,1.011512806
2012,Uzbekistan,12.51074803,1.010636474
2013,Uzbekistan,13.72179311,0.938511511
2014,Uzbekistan,14.70094994,1.075139931
2015,Uzbekistan,15.27596382,1.422276024
2016,Uzbekistan,17.38210981,1.572165848
2017,Uzbekistan,23.05240667,2.686118291
2018,Uzbekistan,29.24364055,1.677017283
2019,Uzbekistan,33.74635104,3.883701219
2005,Vanuatu,27.19800522,0.910805635
2006,Vanuatu,26.37683871,1.090041184
2007,Vanuatu,26.01411409,0.947621262
2008,Vanuatu,25.29775816,0.80197619
2009,Vanuatu,26.87389506,0.995735906
2010,Vanuatu,27.36485506,0.905970863
2011,Vanuatu,23.75673886,0.813924945
2012,Vanuatu,25.85570083,0.792318365
2013,Vanuatu,20.90679308,0.951429391
2014,Vanuatu,25.91175726,1.004200846
2015,Vanuatu,34.51981974,0.936805074
2016,Vanuatu,36.75347204,1.094255489
2017,Vanuatu,45.49324237,1.158274963
2018,Vanuatu,42.73142567,2.225088795
2019,Vanuatu,39.67702426,3.116972828
2005,Viet Nam,32.86516031,1.675154792
2006,Viet Nam,28.87411514,1.489406416
2007,Viet Nam,30.74735856,1.663257289
2008,Viet Nam,27.54978822,1.465575122
2009,Viet Nam,32.30549459,1.469519809
2010,Viet Nam,31.5643857,1.320821736
2011,Viet Nam,32.37782526,2.495310072
2012,Viet Nam,32.87376768,2.377061509
2013,Viet Nam,32.10197217,2.208068218
2014,Viet Nam,33.27332736,3.047227946
2015,Viet Nam,36.02788722,3.005116681
2016,Viet Nam,37.24375793,3.177384009
2017,Viet Nam,41.57004079,5.443564315
2018,Viet Nam,38.26961265,6.421711638
2019,Viet Nam,38.57335436,5.431683835
2005,"Yemen, Rep.",36.22938479,1.411558494
2006,"Yemen, Rep.",32.04793512,1.326941832
2007,"Yemen, Rep.",30.32174699,1.345394151
2008,"Yemen, Rep.",24.91899865,1.137935696
2009,"Yemen, Rep.",28.37945529,1.10008507
2010,"Yemen, Rep.",22.36144613,0.88338563
2011,"Yemen, Rep.",21.15603868,0.904994306
2012,"Yemen, Rep.",22.42230668,0.753209439
2013,"Yemen, Rep.",19.91958988,0.702422735
2014,"Yemen, Rep.",18.92850755,0.890343373
2015,"Yemen, Rep.",17.6143621,0.864073285
2016,"Yemen, Rep.",22.84114829,0.450625423
2017,"Yemen, Rep.",27.5534346,0.379266625
2018,"Yemen, Rep.",33.51299213,0.530089059
2005,Zambia,69.73921925,3.693351727
2006,Zambia,19.45835642,1.25436563
2007,Zambia,21.93270774,1.001364941
2008,Zambia,17.81270362,0.999022287
2009,Zambia,24.44835736,1.139498022
2010,Zambia,22.88037068,0.825771138
2011,Zambia,23.33314348,1.014472874
2012,Zambia,24.70640676,0.96273854
2013,Zambia,24.87638485,1.316735804
2014,Zambia,36.39053286,1.643250366
2015,Zambia,59.21248563,2.776743259
2016,Zambia,77.74950079,3.861227693
2017,Zambia,96.16605325,3.673461472
2018,Zambia,95.18970402,5.303967475
2019,Zambia,128.32853,11.9096297
2005,Zimbabwe,113.8437264,6.250141983
2006,Zimbabwe,146.0680631,3.110904491
2007,Zimbabwe,196.8236872,3.741922545
2008,Zimbabwe,373.1706062,6.023974201
2009,Zimbabwe,69.88287229,1.381502427
2010,Zimbabwe,61.0751908,3.493970603
2011,Zimbabwe,59.06398506,9.228678154
2012,Zimbabwe,58.32041832,4.867397447
2013,Zimbabwe,48.88940811,3.418141807
2014,Zimbabwe,48.31967355,2.974105046
2015,Zimbabwe,55.13841678,3.786201848
2016,Zimbabwe,64.0275803,6.90279348
2017,Zimbabwe,25.61762201,1.466570885
2018,Zimbabwe,37.94245325,1.811360664
2019,Zimbabwe,48.49008721,6.322804239